epoch,loss,ent_p,ent_r,ent_f1,tok_p,tok_r,tok_f1
1,11.297207,0.250464,0.287234,0.267592,0.377787,0.295257,0.331462
2,6.748866,0.412281,0.200000,0.269341,0.669554,0.174572,0.276939
3,5.201784,0.323420,0.370213,0.345238,0.466412,0.353985,0.402495
4,3.725394,0.399582,0.406383,0.402954,0.507573,0.400129,0.447492
5,2.850441,0.406040,0.257447,0.315104,0.492711,0.272669,0.3510591,
1,3.723712,0.686275,0.074468,0.134357,0.605882,0.099710,0.171239
2,8.178152,0.439169,0.314894,0.366791,0.509794,0.319135,0.392538
